timestamp	commit	skill	old_score	new_score	status	dimension	note	eval_mode
2026-06-22T10:54	round4	dispatch	81.9	81.9	keep	dim3+dim4+content	补全三源项目缺失	dry_run
2026-06-22T10:54	round4	grill	87.4	87.4	keep	dim3+dim4+content	补全三源项目缺失	dry_run
2026-06-22T10:54	round4	output	84.3	86.6	keep	dim3+dim4+content	补全三源项目缺失	dry_run
2026-06-22T10:54	round4	implement	85.1	85.1	keep	dim3+dim4+content	补全三源项目缺失	dry_run
2026-06-22T10:54	round4	tdd	81.9	81.9	keep	dim3+dim4+content	补全三源项目缺失	dry_run
2026-06-22T10:54	round4	hunt	84.3	84.3	keep	dim3+dim4+content	补全三源项目缺失	dry_run
2026-06-22T10:54	round4	check	80.9	86.6	keep	dim3+dim4+content	补全三源项目缺失	dry_run
2026-06-22T10:54	round4	ponytail	81.9	81.9	keep	dim3+dim4+content	补全三源项目缺失	dry_run
2026-06-22T10:54	round4	write	83.1	83.1	keep	dim3+dim4+content	补全三源项目缺失	dry_run
2026-06-22T10:54	round4	design	86.6	86.6	keep	dim3+dim4+content	补全三源项目缺失	dry_run
2026-06-22T10:54	round4	prototype	81.9	81.9	keep	dim3+dim4+content	补全三源项目缺失	dry_run
2026-06-22T10:54	round4	script	87.4	87.4	keep	dim3+dim4+content	补全三源项目缺失	dry_run
2026-06-22T10:54	round4	audit	86.6	86.6	keep	dim3+dim4+content	补全三源项目缺失	dry_run
2026-06-22T10:54	round4	debt	85.0	85.0	keep	dim3+dim4+content	补全三源项目缺失	dry_run
2026-06-22T10:54	round4	health	85.1	85.1	keep	dim3+dim4+content	补全三源项目缺失	dry_run
2026-06-22T10:54	round4	handoff	83.2	86.6	keep	dim3+dim4+content	补全三源项目缺失	dry_run
2026-06-22T11:30	optimize	dispatch	81.9	83.6	keep	dim5	添加S/M/L级别具体判断标准	dry_run
2026-06-22T11:30	optimize	tdd	81.9	83.6	keep	dim5	添加好测试/坏测试具体代码示例	dry_run
2026-06-22T11:30	optimize	ponytail	81.9	83.6	keep	dim5	阶梯决策添加表格格式和具体示例	dry_run
2026-06-22T11:30	optimize	prototype	81.9	83.6	keep	dim5	使用场景添加具体示例	dry_run
2026-06-22T11:45	optimize	karpathy-guidelines	78.6	80.3	keep	dim3+dim5	添加"何时不简化"表格和判断标准	full_test2026-06-22T12:00	fusion	dispatch	83.6	83.6	keep	principles	融入karpathy"Think Before Coding"	dry_run
2026-06-22T12:00	fusion	implement	85.1	85.1	keep	principles	融入karpathy"Surgical Changes"+ponytail阶梯决策	dry_run
2026-06-22T12:00	fusion	check	86.6	86.6	keep	principles	融入karpathy"Simplicity First"+"Define Verifiable Success"+ponytail阶梯决策	dry_run
2026-06-22T12:00	fusion	tdd	83.6	83.6	keep	principles	融入karpathy"Simplicity First"+"Define Verifiable Success"	dry_run
